headlines,id,author,created_utc,score,upvote_ratio,url,Topic 1,Topic 2,Topic 3,Topic 4,Topic 5,Topic 6,Topic 7,Topic 8,Topic 9,Topic 10
New video from President Zelensky targeting english speaking audience,ting1v,swllord,1647789898.0,31560,0.92,https://v.redd.it/uwubw86u3ko81,0.01111149787902832,0.8999959826469421,0.011111489497125149,0.011112041771411896,0.011111886240541935,0.011111348867416382,0.011111353524029255,0.011111348867416382,0.011111686937510967,0.011111348867416382
"Another day, another attempt to denazify Feldman Ecopark in Kharkiv. Obviously the llamas are the worst nazi scum of them all...",tipmtg,ZuzBla,1647795964.0,7265,0.99,https://i.redd.it/fd452bgmlko81.jpg,0.0,0.0,0.0,0.0,0.0,0.9357104301452637,0.0,0.0,0.0,0.0
In a world of Putins‚Ä¶,tirw9j,damaskesq,1647802116.0,6708,0.97,https://i.redd.it/7ihannh64lo81.jpg,0.033334702253341675,0.033334702253341675,0.033334702253341675,0.033334702253341675,0.6999808549880981,0.033334702253341675,0.03334154188632965,0.033334702253341675,0.033334702253341675,0.033334702253341675
Today I learned that my friend and colleague Viktor Dedov was killed during the bombing of Mariupol. This is the horrible story of his wife.,tis6b1,Did-ko,1647802894.0,4204,0.99,https://www.reddit.com/gallery/tis6b1,0.0,0.0,0.0,0.9307641386985779,0.0,0.0,0.0,0.0,0.0,0.0
Germany has just signed a big gas deal with Qatar. Are they really going to get rid of Russian gas? That would completely decimate Russia‚Äôs economy.,tisvbd,CapitalString,1647804836.0,6294,0.99,https://www.reddit.com/r/ukraine/comments/tisvbd/germany_has_just_signed_a_big_gas_deal_with_qatar/,0.0,0.0,0.0,0.0,0.0,0.9499964118003845,0.0,0.0,0.0,0.0
Nato starts the biggest naval warship training since 30 years in front of Russia,tiu26i,xylon-777,1647808070.0,4076,0.99,https://www.gov.uk/government/news/uk-armed-forces-join-largest-arctic-exercise-in-30-years,0.0,0.0,0.0,0.0,0.0,0.0,0.0,0.9181728959083557,0.0,0.0
"RIP Major Stepan Taralka, Ukrainian MiG-29 Fighter Pilot. Shot down March 15th",tiuzwe,panzerfan,1647810615.0,2943,0.99,https://twitter.com/visegrad24/status/1505588969412734979,0.0,0.0,0.0,0.0,0.9249942898750305,0.0,0.0,0.0,0.0,0.0
"Andrei Paliy, Deputy Commander of the Black Sea Fleet (and who committed war crimes in Syria) Killed Near Mariupol",tiv5gx,Merlin_the_Lizard,1647811047.0,3888,1.0,https://i.redd.it/e3danyloulo81.jpg,0.0,0.0,0.0,0.0,0.0,0.0,0.0,0.0,0.9399943351745605,0.0
"Ukrainian intelligence warns that Belarus will probably attack within 48 hours, in fact due to growing difficulties Putin would have asked Lukashenko to help him",tivlfk,ging289,1647812329.0,3230,0.99,https://www.repubblica.it/esteri/2022/03/20/news/ucraina__russia_le_news_di_oggi_dalla_guerra-342062199/,0.0,0.0,0.0,0.9499943256378174,0.0,0.0,0.0,0.0,0.0,0.0
"A banner in one of the Polish cities, it says ""Russian war criminal, go fuck yourself!""",tiw3ep,LordofAlkanes,1647813725.0,5333,0.99,https://i.redd.it/nmz9s5tl1mo81.png,0.0,0.0,0.9181724786758423,0.0,0.0,0.0,0.0,0.0,0.0,0.0
"üá™üá∫üá∫üá¶üá´üá∑ Joint r/Ukraine - r/France IAMA : asylum, refugees, and migration in France and Europe (Tuesday, March the 22nd 12:00 CET / 13:00 EET)",tiwtol,horunzhij,1647815841.0,618,0.98,https://www.reddit.com/r/ukraine/comments/tiwtol/joint_rukraine_rfrance_iama_asylum_refugees_and/,0.0,0.0,0.0,0.9399962425231934,0.0,0.0,0.0,0.0,0.0,0.0
Azov reported eliminating special forces of the Kabardino-Balkaria unit in Mariupol. nsfw,tiwu8l,AllHailTheBEAR,1647815886.0,4153,0.99,https://v.redd.it/sl1syb949mo81,0.0,0.0,0.0,0.9181756973266602,0.0,0.0,0.0,0.0,0.0,0.0
"From a today‚Äôs charity concert in Poland, transmitted in Ukraine as well. Little Amelia opened with Ukrainian national anthem. Did you get the chance to see it?",tiwwc7,Bunny-1918,1647816049.0,3984,0.99,https://v.redd.it/usafxbbl9mo81,0.0,0.0,0.0,0.0,0.0,0.9470528364181519,0.0,0.0,0.0,0.0
Ukraine rejects demands for Mariupol‚Äôs surrender,tixm5d,TinyStrawberry23,1647818118.0,2070,0.99,https://twitter.com/kyivindependent/status/1505683840882331650?s=21,0.3858385980129242,0.01666761003434658,0.01666749268770218,0.016669567674398422,0.016668932512402534,0.016667595133185387,0.01666797697544098,0.48081648349761963,0.01666855439543724,0.016667203977704048
U.S. business would have to disclose ties to Russia under new bill,tixqt8,LatsTeresMinor,1647818516.0,3510,1.0,https://www.nydailynews.com/news/politics/us-elections-government/ny-us-businesses-should-disclose-ties-russia-ritchie-torres-20220320-4ey23olhrnbfdnjuwszuovy6hm-story.html,0.012500477023422718,0.012500878423452377,0.012500928714871407,0.8874927163124084,0.012500758282840252,0.012500913813710213,0.012500381097197533,0.012500493787229061,0.012500991113483906,0.012501492165029049
Ukraine Flag Projected onto the Russian Embassy in London,tixtzz,sxehoneybadger,1647818785.0,4069,1.0,https://i.imgur.com/f488UhV.jpg,0.012502538971602917,0.012501765973865986,0.012501821853220463,0.012501165270805359,0.012503494508564472,0.8874846696853638,0.012501293793320656,0.01250163558870554,0.01250111311674118,0.012500517070293427
There have been no losses in 30 years history of Vladimir's Special Rapid Response Unit (SOBR). And yesterday we buried all of its commanders.,tiy97y,MinisterOfTruth99,1647820078.0,2002,0.99,https://twitter.com/uawire/status/1505568756789035016,0.0,0.0,0.9307664036750793,0.0,0.0,0.0,0.0,0.0,0.0,0.0
97% of Belarusians Oppose Joining the Attack on Ukraine according to Chatham House Survey,tiygru,kernals12,1647820713.0,3042,1.0,https://censor.net/ua/news/3327128/kilkist_bilorusiv_yaki_ne_pidtrymuyut_uchasti_u_viyini_proty_ukrayiny_zrosla_do_97_doslidjennya,0.010000752285122871,0.010000437498092651,0.010000688955187798,0.010000715963542461,0.010000845417380333,0.010000676847994328,0.9099941849708557,0.010000642389059067,0.010000381618738174,0.010000662878155708
Gen. David Petraeus explains why Russian generals are being picked off one by one in Ukraine,tiyuyg,NORDLAN,1647821913.0,1725,0.99,https://www.alternet.org/amp/petraeus-2656996166,0.0,0.0,0.0,0.0,0.9181751012802124,0.0,0.0,0.0,0.0,0.0
Some people love to mention that Ukraine is a Nazi country even if its president is a Jew but they also fail to mention that multiple Nazi organizations fought and are fighting alongside Russia against Ukraine.,tiz3zl,Professional-Rich406,1647822676.0,1411,0.98,https://www.reddit.com/gallery/tiz3zl,0.9571369290351868,0.0,0.0,0.0,0.0,0.0,0.0,0.0,0.0,0.0
"U.S. has 'credible information' Russians are creating lists of Ukrainians to be killed or sent to camps, ambassador to U.N. says",tiz7w0,marsianer,1647823012.0,2723,0.99,https://fortune.com/2022/03/20/us-credible-information-russians-creating-lists-ukrainians-to-be-killed-or-sent-to-camps-ambassador-united-nations-concentration-filtration-camps-batsheba-nell-crocker-michelle-bachelet/,0.0,0.0,0.0,0.0,0.0,0.0,0.0,0.9249951243400574,0.0,0.0
"hmmmm this looks familiar, looks Belarus recieved the order. Cell phones off, red square markings (like the Z), convoys. Little Belarus is working with Russias ""old n crappier"" equipment..If you thought Russia was bad..these poor guys. I smell coup coming",tiz8t0,gherkinjerks,1647823091.0,1894,0.99,https://twitter.com/ELINTNews/status/1505640938949033988,0.0,0.0,0.0,0.0,0.0,0.0,0.0,0.0,0.0,0.9699976444244385
"Mothers of Russia ordered a video about the conscription of young soldiers in the Russian Army, for the war in Ukraine! I ask everyone to distribute it in the Russian Federation! - Every Russian should see this! It is important!",tizqro,Aripell,1647824623.0,1511,0.99,https://v.redd.it/x9bsk2l3zmo81,0.0,0.0,0.0,0.0,0.9571385979652405,0.0,0.0,0.0,0.0,0.0
"Zelenskyy tells Israeli lawmakers: Russia is plotting ‚ÄòFinal Solution' like the Nazis. 'We can ask why we can‚Äôt receive weapons from you, why Israel hasn't imposed sanctions on Russia, but you must then live with your answer,' Ukraine's President Volodymyr Zelenksyy says in address",tizurt,nOMnOMShanti,1647824969.0,10779,0.96,https://www.haaretz.com/amp/israel-news/zelenskyy-tells-israeli-lawmakers-russia-plotting-final-solution-like-the-nazis-1.10686787,0.0,0.0,0.9666640758514404,0.0,0.0,0.0,0.0,0.0,0.0,0.0
"Australia donating 70,000 tons of thermal coal to Ukraine and banning alumina exports to Russia.",tizwpr,boagsh,1647825143.0,2295,0.99,https://www.bloomberg.com/news/articles/2022-03-19/australia-boosts-military-humanitarian-aid-to-ukraine,0.0,0.0,0.0,0.0,0.9181674122810364,0.0,0.0,0.0,0.0,0.0
Chinese ambassador to US say's they won't send weapons/ammo to Russia,tj0dv2,asbo1989,1647826664.0,2207,0.99,https://www.bbc.co.uk/news/live/world-europe-60802572?ns_mchannel=social&ns_source=twitter&ns_campaign=bbc_live&ns_linkname=6237bd7d980bea49f4b7d899%26Beijing%20will%20not%20send%20weapons%20to%20Russia%20-%20Chinese%20ambassador%20to%20US%262022-03-21T01%3A21%3A49.471Z&ns_fee=0&pinned_post_locator=urn:asset:11435c68-e55a-4c4d-a67d-ebc989f77d8c&pinned_post_asset_id=6237bd7d980bea49f4b7d899&pinned_post_type=share,0.011111529543995857,0.011111559346318245,0.011112450622022152,0.01111237145960331,0.011111830361187458,0.011111699044704437,0.01111142709851265,0.011112179607152939,0.011111768893897533,0.8999931812286377
MARIUPOL WILL NOT SURRENDER!!!!!!!!!!! Ukraine rejects Russian ultimatum that Mariupol surrender by Monday morning SLAVA UKRAINI,tj0m23,irasiad90,1647827397.0,5240,0.99,https://www.cnn.com/europe/live-news/ukraine-russia-putin-news-03-20-22/h_69e66d7b1516744e597267e38c62d14a,0.9307639598846436,0.0,0.0,0.0,0.0,0.0,0.0,0.0,0.0,0.0
Putin accused of deporting Ukrainians to Russian 'concentration' camps - 'Unconscionable' | World | News,tj199m,HLMenckenFan,1647829462.0,1537,0.99,https://www.express.co.uk/news/world/1583627/putin-russia-ukraine-war-mariupol-deportations-russia-concentration-camps,0.0,0.0,0.0,0.0,0.6567294597625732,0.0,0.0,0.0,0.2705332338809967,0.0
"President Zelenskyy's daily public address on Mar 20, 25th day of invasion with english subtitles",tj19xi,xuxebiko,1647829522.0,1158,0.99,https://v.redd.it/bgyoe6rjdno81,0.0,0.9249969124794006,0.0,0.0,0.0,0.0,0.0,0.0,0.0,0.0
Belarusian volunteer battalion sends a message to a Lukashenko‚Äôs army. ¬´We‚Äôre waiting for you. Welcome to hell!¬ª,tj1g8c,canhurtme,1647830105.0,4791,0.99,https://v.redd.it/io10v0hefno81,0.0,0.0,0.0,0.0,0.0,0.0,0.0,0.0,0.9181758761405945,0.0
Hero of Russian Federation resigns with damning note denouncing Putin‚Äôs ‚Äòslaughter of Slavic brothers‚Äô,tj27zy,GameTourist,1647832635.0,3256,1.0,https://www.reddit.com/r/ukraine/comments/tj27zy/hero_of_russian_federation_resigns_with_damning/,0.0,0.0,0.0,0.0,0.0,0.0,0.0,0.9249929785728455,0.0,0.0
Ukrainian mathematician commits suicide in Russia after not being allowed to leave country,tj2kg5,TheRealMykola,1647833775.0,1478,0.99,https://www.ukrinform.net/rubric-society/3435402-ukrainian-mathematician-commits-suicide-in-russia-after-not-being-allowed-to-leave-country.html,0.011111547239124775,0.011111647821962833,0.011112086474895477,0.011112541891634464,0.011112996377050877,0.011112060397863388,0.011111519299447536,0.011111478321254253,0.011111719533801079,0.8999924063682556
Three Belarusian banks disconnected from SWIFT,tj2l16,TheRealMykola,1647833829.0,1420,1.0,https://www.ukrinform.net/rubric-economy/3435365-three-belarusian-banks-disconnected-from-swift.html,0.016667049378156662,0.8499944806098938,0.016667049378156662,0.016667049378156662,0.01666831597685814,0.016667049378156662,0.016667049378156662,0.016667049378156662,0.016667883843183517,0.016667049378156662
Kidnaping of Ukrainians and deporting them deep into Russia is a scary reminder of WWII!,tj2y3a,DartBatiatus,1647835093.0,1177,0.99,https://www.reddit.com/r/ukraine/comments/tj2y3a/kidnaping_of_ukrainians_and_deporting_them_deep/,0.011111524887382984,0.011111789382994175,0.011112133972346783,0.011112149804830551,0.011112460866570473,0.011111832223832607,0.011111396364867687,0.011111917905509472,0.8999926447868347,0.011112113483250141
How Awesome Would It Be If Zelensky Said This To Putin?,tj37wg,kernals12,1647836033.0,2080,0.97,https://i.redd.it/g7t86aiywno81.png,0.016667183488607407,0.016668574884533882,0.016667183488607407,0.01667040027678013,0.01666806824505329,0.01666821911931038,0.016669725999236107,0.016668425872921944,0.8499842286109924,0.016668036580085754
Biden will discuss the introduction of peacekeepers to Ukraine during a visit to Poland,tj39i1,TheRealMykola,1647836196.0,723,0.99,https://www.ukrinform.ua/rubric-polytics/3435471-bajden-obgovorit-vvedenna-mirotvorciv-v-ukrainu-pid-cas-vizitu-do-polsi.html,0.012501475401222706,0.012500920332968235,0.01250085886567831,0.2723466753959656,0.012501923367381096,0.012501498684287071,0.012501172721385956,0.627641499042511,0.012500821612775326,0.012503131292760372
France freezes $24 billion worth of Russian Central Bank assets,tj3k6n,TheRealMykola,1647837255.0,1671,0.99,https://english.almayadeen.net/news/economics/france-freezes-24-billion-worth-of-russian-central-bank-asse,0.011112059466540813,0.01111212931573391,0.011111761443316936,0.011112548410892487,0.011112521402537823,0.8999926447868347,0.011111462488770485,0.011111692525446415,0.011111742816865444,0.011111462488770485
The United States suggests that other NATO countries may send troops to Ukraine,tj3ozg,TheRealMykola,1647837770.0,3042,0.98,https://www.pravda.com.ua/news/2022/03/21/7333210/,0.010001628659665585,0.01000064518302679,0.010000601410865784,0.9099897742271423,0.010001927614212036,0.010001073591411114,0.010001405142247677,0.010001483373343945,0.01000057440251112,0.01000090129673481
"They are ruining equipment, stopping trains - Belarusian guerrillas do not want a war with Ukraine",tj3p3d,xuxebiko,1647837781.0,2496,1.0,https://gazeta.ua/articles/world-life/_psuyut-tehniku-zupinyayut-potyagi-biloruski-partizani-ne-hochut-vijni-z-ukrayinoyu/1077248,0.010002310387790203,0.010001562535762787,0.010000737383961678,0.010001089423894882,0.9099911451339722,0.010000509209930897,0.010000589303672314,0.010000597685575485,0.01000086311250925,0.010000566951930523
7AM; The Sun is rising on the 26th Day of the Russian Invasion on the Capital city of Kyiv. Ukraine continues to Live and Fight on.,tj41i0,AutoModerator,1647839109.0,2829,0.99,https://www.reddit.com/r/ukraine/comments/tj41i0/7am_the_sun_is_rising_on_the_26th_day_of_the/,0.0,0.0,0.0,0.0,0.935709536075592,0.0,0.0,0.0,0.0,0.0
"Hi there, Kharkiv online",tj4gu9,Regrup,1647840865.0,3584,0.99,https://www.reddit.com/r/ukraine/comments/tj4gu9/hi_there_kharkiv_online/,0.02500068210065365,0.02500068210065365,0.025001967325806618,0.02500068210065365,0.02500137686729431,0.025001801550388336,0.02500068210065365,0.02500068210065365,0.7749907374382019,0.02500068210065365
Belarusian forces moving towards the Ukrainian border by Volyn. Seems their invasion marker is a red square.,tj4oin,RallyToTheColors,1647841741.0,2219,0.99,https://v.redd.it/h6mgwt8zdoo81,0.0,0.0,0.0,0.0,0.9307620525360107,0.0,0.0,0.0,0.0,0.0
TIL about the 'Ilovaisk Massacre' where in 2014 Russians massacred surrendering Ukrainians.,tj526a,simplelifestyle,1647843311.0,555,0.99,https://en.wikipedia.org/wiki/Battle_of_Ilovaisk#Government_forces_retreat_and_massacre,0.012500348500907421,0.01250064093619585,0.012500348500907421,0.01250047143548727,0.012500621378421783,0.012500760145485401,0.012500650249421597,0.01250128261744976,0.8874941468238831,0.01250072754919529
"Senior Advisor to Tsihanouskaya: ""Belarus is a land of partisans. Our heroes stop Russian trains, damage Russian equipment, hand out leaflets to prevent Belarus troops from entering Ukraine""",tj548z,boskee,1647843551.0,1076,0.99,https://twitter.com/franakviacorka/status/1505691787280670723,0.9571399688720703,0.0,0.0,0.0,0.0,0.0,0.0,0.0,0.0,0.0
"Russia steals five grain carriers from Berdyansk port. Oleksandr Starukh, governor of Zaporizhzhia Oblast, said on March 21 that the stolen ships were carrying tens of thousands of tons of grain.",tj54wq,TheRealMykola,1647843617.0,648,0.99,https://twitter.com/KyivIndependent/status/1505790386534555648?s=20&t=-hRo-9NlYC0M4tphas2SJg,0.0,0.0,0.0,0.0,0.9590873122215271,0.0,0.0,0.0,0.0,0.0
"Member of Russia-installed so-called ""Kherson rescue committee for peace and order"", Pavel Slobodchikov, shot dead in occupied Kherson,his wife in grave condition.",tj55uv,Snoo_64233,1647843726.0,1111,0.98,https://twitter.com/NotWoofers/status/1505606793237512197,0.0,0.0,0.9526265859603882,0.0,0.0,0.0,0.0,0.0,0.0,0.0
‚ÄúRussia has started to implement the plan ‚ÄúB‚Äù This is due to the failure of the ‚Äòblitzkrieg‚Äô‚Äù via Pravda Gerashchenko/Telegram,tj5hlo,PraxisofBootes,1647845114.0,661,0.99,https://i.redd.it/koa0kab1ooo81.jpg,0.0,0.0,0.9249961972236633,0.0,0.0,0.0,0.0,0.0,0.0,0.0
Some Russians are breaking through Putin's digital iron curtain - leading to fights with friends and family,tj5klg,Free_Swimming,1647845481.0,860,0.99,https://www.yahoo.com/news/russians-breaking-putins-digital-iron-123903981.html,0.0,0.0,0.0,0.0,0.0,0.0,0.9181769490242004,0.0,0.0,0.0
Ukraine's message to everybody! Please watch,tj5l49,vanillacabinet,1647845541.0,2015,0.99,https://v.redd.it/z6itxv15poo81,0.016669785603880882,0.8499805927276611,0.016667891293764114,0.016669506207108498,0.016670258715748787,0.016668520867824554,0.016668835654854774,0.016669174656271935,0.01666811853647232,0.016667328774929047
Biden to discuss deployment of peacekeepers in Ukraine during his visit to Poland,tj5wsi,Passage-Extra,1647846939.0,633,0.99,https://www.ukrinform.net/rubric-polytics/3435508-biden-to-discuss-deployment-of-peacekeepers-in-ukraine-during-his-visit-to-poland.html,0.01250106655061245,0.012500577606260777,0.012500523589551449,0.012502710334956646,0.012501445598900318,0.012501056306064129,0.01250080019235611,0.8874889612197876,0.012500490993261337,0.012502391822636127
I raise my curtain every morning at 7:00AM Ukraine time.,tj67kd,GlockTalk710,1647848220.0,776,0.96,https://i.redd.it/d9b7rrr9xoo81.jpg,0.014287807047367096,0.014286433346569538,0.014286360703408718,0.014286582358181477,0.014287603087723255,0.014286438003182411,0.014287427067756653,0.8714188933372498,0.014286315999925137,0.014286138117313385
List and status of all Russian oligarch's yachts (@PutinIsAVirus),tj6a7o,Daddyn-noob,1647848523.0,394,1.0,https://i.redd.it/97qo3826yoo81.jpg,0.014286821708083153,0.014286872930824757,0.014286607503890991,0.014286431483924389,0.8714206218719482,0.014286705292761326,0.014286392368376255,0.014286559075117111,0.014286595396697521,0.014286392368376255
"An official video (State Emergency Service of Ukraine) of today's explosion from a cruise missile right in Kyiv city with elimination of consequences. Occupiers can't capture cities, so they decided to destroy them all hitting from afar, like cowards.",tj6mcn,Dvorakovsky,1647849919.0,506,1.0,https://v.redd.it/lmg74i2b2po81,0.0,0.0,0.0,0.0,0.9639948606491089,0.0,0.0,0.0,0.0,0.0
My proposal for this sub‚Äôs Snoo icon: St. Javelin [OC],tj6qlt,oh-my,1647850414.0,1327,0.93,https://i.redd.it/ppyf1ans3po81.jpg,0.012500420212745667,0.012500420212745667,0.012500420212745667,0.012500420212745667,0.012500420212745667,0.012500420212745667,0.012500420212745667,0.012500420212745667,0.8874962329864502,0.012500420212745667
"""In gratitude for Leroy Merlin not leaving Russian market, last night Russians bombarded Leroy Merlin store in Kyiv."" Karma is a b*tch.",tj722t,Lukaszeq,1647851787.0,1076,0.99,https://twitter.com/den_kazansky/status/1505802021378707458,0.0,0.0,0.0,0.9470453858375549,0.0,0.0,0.0,0.0,0.0,0.0
"These are the indicative estimates of Russia‚Äôs losses as of March 21, according to the Armed Forces of Ukraine.",tj738g,beholdchris,1647851923.0,959,0.99,https://i.redd.it/p24nyg5a8po81.jpg,0.010001367889344692,0.01000157743692398,0.9099879264831543,0.01000204961746931,0.010002369992434978,0.01000082679092884,0.010001379996538162,0.01000105869024992,0.010000755079090595,0.010000626556575298
Inside Marble Mannequin's gallery museum.,tj77zy,beholdchris,1647852510.0,1309,0.98,https://v.redd.it/yplm12r0apo81,0.01666725054383278,0.01666725054383278,0.01666725054383278,0.01666725054383278,0.01666725054383278,0.8499947190284729,0.01666725054383278,0.01666725054383278,0.01666725054383278,0.01666725054383278
Babushka tears down pro-war Z symbol on student dorm in Russia with knife,tj7ipt,kingbigv,1647853746.0,14076,0.95,https://v.redd.it/cz3xd80ldpo81,0.01000049989670515,0.9099897742271423,0.010001851245760918,0.010002012364566326,0.01000152062624693,0.010001023299992085,0.010000237263739109,0.010000545531511307,0.010001230984926224,0.010001344606280327
"Air Serbia closed website for Ukrainians, but flying to Moscow.",tj7jd6,TNGJ,1647853818.0,275,0.96,https://www.reddit.com/gallery/tj7jd6,0.012500297278165817,0.8874941468238831,0.012500298209488392,0.012500297278165817,0.012500802986323833,0.012500528246164322,0.012500297278165817,0.012501216493546963,0.012501388788223267,0.01250072568655014
"Boris Johnson, the British Prime Minister may visit Kyiv in support of Ukraine",tj7kup,TheRealMykola,1647853994.0,353,0.98,https://www.pravda.com.ua/news/2022/03/21/7333250/,0.0,0.0,0.0,0.0,0.9181743860244751,0.0,0.0,0.0,0.0,0.0
Russia keeps killing people in Kharkiv,tj7oy8,Skoka,1647854453.0,268,0.99,https://v.redd.it/w5hs0ejmfpo81,0.01666870154440403,0.01666775718331337,0.016672439873218536,0.01667007803916931,0.8499746918678284,0.01666986383497715,0.016667423769831657,0.016667725518345833,0.016672732308506966,0.01666855253279209
Lithuanians are blocking trucks going to and from Belarus (on the border between üá±üáπ and üáßüáæ),tj7ppb,RedJ00hn,1647854542.0,4058,0.99,https://www.reddit.com/gallery/tj7ppb,0.014286748133599758,0.0142861008644104,0.0142861008644104,0.014286331832408905,0.014287690632045269,0.871421217918396,0.0142871318385005,0.0142861008644104,0.0142861008644104,0.014286482706665993
Dear Ukraine subreddit. I and the Ukrainian people need your help to spread the message to initiate a peaceful strike in Russia to stop the war! (Full message and translation in comments),tj84t5,alien_player,1647856348.0,410,0.96,https://i.redd.it/i1wu358zhpo81.png,0.0,0.0,0.0,0.9549956321716309,0.0,0.0,0.0,0.0,0.0,0.0
The Ghost,tj86oa,Darth_Memer_1916,1647856560.0,643,0.95,https://i.redd.it/a8k5unv1mpo81.jpg,0.05000251531600952,0.05000251531600952,0.05000251531600952,0.5499773621559143,0.05000251531600952,0.05000251531600952,0.05000251531600952,0.05000251904129982,0.05000251531600952,0.05000251531600952
"There's been a lot of disinformation about Ukraine 'banning' all left wing parties, a thread from a Ukrainian on who these parties actually are. TLDR pro-Russia, Lukashenko and Yanukovych fans, NazBols, Neo-Nazis, and general bigots.",tj8b7z,Kalaxi50,1647857034.0,261,0.96,https://mobile.twitter.com/dmrachnik/status/1505625074149339145,0.0,0.0,0.0,0.0,0.0,0.9608624577522278,0.0,0.0,0.0,0.0
Dead Russian soldiers are arranged in the shape of a Z as a message to the invaders,tj8f3d,CaruMel,1647857478.0,1398,0.96,https://v.redd.it/i6tagoegopo81,0.012500867247581482,0.8874937295913696,0.012500748038291931,0.012500648386776447,0.01250174455344677,0.01250062882900238,0.012500261887907982,0.012500455603003502,0.012500674463808537,0.012500261887907982
"Eerik N Kross - Ex intelligence director & adviser in Georgia, Iraq, Ukraine, Moldova; Estonian Parliament Foreign Affairs Commitee - explains why ""It's just Putin"" is wrong and dangerous.",tj8n30,couldthatmakesense,1647858392.0,227,0.97,https://twitter.com/EerikNKross/status/1505669877809483785?t=45NveqCW5lzNAmm4t-I59A&s=19,0.0,0.0,0.0,0.0,0.0,0.0,0.9549974203109741,0.0,0.0,0.0
European Union declares that Russia commits large-scale war crimes in Mariupol. With these words Josep Borrel began a meeting of EU foreign ministers in Brussels. They are discussing new sanctions against Russia.,tj8qqw,xuxebiko,1647858809.0,1301,0.99,https://twitter.com/nexta_tv/status/1505846999656157184?s=21,0.0,0.0,0.0,0.9624974727630615,0.0,0.0,0.0,0.0,0.0,0.0
Remember the girl who sang Frozen in a Ukrainian bomb shelter? She just sang on stage at a charity concert in Poland.,tj8rc0,balraj545,1647858878.0,631,0.98,https://youtu.be/09bVItC6ebQ,0.0,0.0,0.0,0.0,0.0,0.0,0.0,0.0,0.0,0.9307676553726196
This is Boris Romanchenko. He survived four different nazi concentration camps - last Friday he was killed by the Russians in his home in Kharkiv,tj8xeu,Bumaye94,1647859545.0,7663,0.99,https://i.redd.it/v1ovjxr2upo81.png,0.0,0.0,0.0,0.0,0.0,0.0,0.0,0.0,0.9399967789649963,0.0
"In Kharkiv, a shell flew into people who were standing in line at the supermarket‚Ä¶",tj8zvd,bonsaix,1647859816.0,690,0.99,https://v.redd.it/2rnic24ovpo81,0.012500784359872341,0.012500393204391003,0.8874930739402771,0.012500807642936707,0.012501109391450882,0.012500884011387825,0.012500399723649025,0.012500393204391003,0.012501785531640053,0.012500393204391003
"Mariupol was a ~90% Russian speaking and politically pro-Russian city. Now it has been mostly destroyed by Russia, not 'saved'.",tj91gz,zhang_li,1647859997.0,1297,0.99,https://en.m.wikipedia.org/wiki/Mariupol#Demographics,0.0,0.0,0.0,0.0,0.9249851107597351,0.0,0.0,0.0,0.0,0.0
Family Express gas stations in Northern Indiana sending Profits to Help Ukrainians,tj97d3,brendan0127,1647860594.0,294,0.97,https://i.redd.it/ypzw8id1ypo81.jpg,0.0,0.0,0.0,0.0,0.0,0.0,0.0,0.0,0.0,0.9181749820709229
"French car-maker Renault is staying in russia, they just started production again. French companies Leroy Merlin and Decathlon are still staying and operating in russia.",tj9fpx,xuxebiko,1647861446.0,1988,0.98,https://www.reddit.com/r/ukraine/comments/tj9fpx/french_carmaker_renault_is_staying_in_russia_they/,0.0,0.0,0.0,0.9499973058700562,0.0,0.0,0.0,0.0,0.0,0.0
Little girl that sang Frozen in the bunker just sang on stage at a charity concert in Poland,tj9l3p,foundacookie,1647861996.0,189,0.96,https://twitter.com/LUKASZKIJEK/status/1505638159249457158?s=20&t=7ELuF8ETIiBArFLNWPvs4g,0.0,0.0,0.0,0.0,0.0,0.0,0.0,0.0,0.0,0.9181803464889526
Trying to find light in a tough situation,tj9mdk,billydevil666,1647862127.0,473,0.99,https://v.redd.it/h8ai9pbm2qo81,0.016667194664478302,0.016667194664478302,0.8499952554702759,0.016667194664478302,0.016667194664478302,0.016667194664478302,0.016667194664478302,0.016667194664478302,0.016667194664478302,0.016667194664478302
Ukrainian mathematician Konstantin Olmezov committed suicide in Moscow He left a suicide note in which he wrote that he was dying because he could not bear the horror of what was happening.,tj9pt1,-martinique-,1647862474.0,651,0.98,https://i.redd.it/27tzu6nn3qo81.jpg,0.0,0.0,0.0,0.0,0.9470542073249817,0.0,0.0,0.0,0.0,0.0
Russian drivers pushing a car blocking their way to Belarus in Lithuania. Some were reportedly shouting ‚ÄòSlava Rosiji‚Äô,tj9u0l,RedJ00hn,1647862904.0,431,0.96,https://v.redd.it/nagmmcvw4qo81,0.0,0.0,0.0,0.0,0.930758535861969,0.0,0.0,0.0,0.0,0.0
Chinese article urging country to cut ties with Putin gets 1m views,tj9ypn,Lost_Lynx_6430,1647863373.0,888,0.99,https://www.theguardian.com/world/2022/mar/20/chinese-article-urging-country-to-cut-ties-with-putin-gets-1m-views,0.010000359266996384,0.010000291280448437,0.010000291280448437,0.010000856593251228,0.010000715963542461,0.010000418871641159,0.010001353919506073,0.010000795125961304,0.010000727139413357,0.9099941849708557
Russian occupiers shooting at peaceful protesters in Kherson,tj9zo1,-martinique-,1647863470.0,756,0.99,https://v.redd.it/i2v6nb5h6qo81,0.014287968166172504,0.014286807738244534,0.014288341626524925,0.014287360943853855,0.871411919593811,0.014291932806372643,0.014286327175796032,0.014286493882536888,0.014286530204117298,0.014286327175796032
"Ukrainians, please be careful with uploading videos and images of missile strikes within 24 hours of the attack!",tja2we,MoistViolinist,1647863795.0,210,0.97,https://www.reddit.com/r/ukraine/comments/tja2we/ukrainians_please_be_careful_with_uploading/,0.0,0.0,0.0,0.0,0.0,0.9249870777130127,0.0,0.0,0.0,0.0
There‚Äôs an easy way to help Ukraine without military escalation: cancel its foreign debt,tja8gn,Gombacska,1647864277.0,175,0.95,https://www.reddit.com/r/ukraine/comments/tja8gn/theres_an_easy_way_to_help_ukraine_without/,0.9181775450706482,0.0,0.0,0.0,0.0,0.0,0.0,0.0,0.0,0.0
Nazanin's colours,tjab6q,redical,1647864537.0,207,0.99,https://i.redd.it/fa0uwtbs9qo81.jpg,0.03333451971411705,0.03333451971411705,0.03333451971411705,0.03333451971411705,0.03333451971411705,0.03333451971411705,0.03333451971411705,0.03333451971411705,0.03333451971411705,0.6999893188476562
United Sikhs volunteers reach Ukraine with humanitarian aid | World News,tjacby,Health_Impressive,1647864647.0,222,0.98,https://www.hindustantimes.com/world-news/united-sikhs-volunteers-reach-ukraine-with-humanitarian-aid-101647426479414.html,0.010000734589993954,0.010000419802963734,0.010000385344028473,0.010000905022025108,0.01000138744711876,0.010000423528254032,0.9099945425987244,0.010000579059123993,0.010000363923609257,0.010000280104577541
Russians opened fire on peaceful protesters in Kherson. A senior man was injured,tjad1t,Kitnya,1647864714.0,509,0.99,https://v.redd.it/mubry6haaqo81,0.01000111736357212,0.010000315494835377,0.010000822134315968,0.010000742971897125,0.010001123882830143,0.9099924564361572,0.010001144371926785,0.010000834241509438,0.010000982321798801,0.0100005017593503
"86.6% of Russians support the idea of launching an attack on a country of the European Union, including Poland, Estonia, Latvia, Lithuania, Bulgaria, Czechia & Slovakia, survey conducted by Ukrainian research company Active Group shows",tjadbq,DifficultLanguage,1647864741.0,325,0.83,https://euromaidanpress.com/2022/03/20/87-of-russians-approve-potential-military-attack-on-eu-countries-survey/?swcfpc=1,0.0,0.0,0.0,0.0,0.0,0.0,0.0,0.0,0.0,0.963996946811676
"Prague set to rename street next to Russian embassy to ""Ukrainian heroes""",tjajyo,Formulka,1647865343.0,175,0.99,https://i.redd.it/vsl76t9wbqo81.jpg,0.010001413524150848,0.010001449845731258,0.9099888205528259,0.010000936686992645,0.010002216324210167,0.010001828894019127,0.010000684298574924,0.010000555776059628,0.010000661946833134,0.010001369751989841
"Come on Brazil, cut off the Sugar to Russia. Then shit may get real for them? We see how Russians are fighting, not for their Brothers and Sisters in Ukraine but for their sweet tooths.",tjap37,havoknkaos55,1647865735.0,287,0.98,https://www.reddit.com/r/ukraine/comments/tjap37/come_on_brazil_cut_off_the_sugar_to_russia_then/,0.0,0.0,0.0,0.0,0.9499937295913696,0.0,0.0,0.0,0.0,0.0
Germany determined to deliver more arms to Ukraine,tjapq1,PuchLight,1647865798.0,160,0.99,https://www.reuters.com/world/europe/germany-determined-deliver-more-arms-ukraine-2022-03-21/,0.01666834205389023,0.016667786985635757,0.016667727380990982,0.016667913645505905,0.8499873280525208,0.016669537872076035,0.016668040305376053,0.01666806824505329,0.016667690128087997,0.01666754111647606
"While Ukraine fights a real war, Russian‚Äôs are fighting over sugar.",tjarnu,z3phyr13,1647865971.0,289,0.92,https://v.redd.it/6iwpr7c1eqo81,0.012502479366958141,0.8874849081039429,0.012501138262450695,0.012501430697739124,0.01250427309423685,0.012501169927418232,0.012501773424446583,0.012501431629061699,0.01250099390745163,0.012500405311584473
"Ukraine accused Russia of forced mass deportations from Mariupol to Russian cities, comparing the tactic to Nazis in WWII",tjaujy,HLMenckenFan,1647866233.0,247,0.97,https://www.businessinsider.com/ukraine-says-russia-sending-mariupol-locals-remote-parts-of-russia-2022-3,0.0,0.0,0.0,0.0,0.0,0.0,0.0,0.0,0.9357042908668518,0.0
First of 9 ambulances delivered by Ireland to Ukraine,tjaux3,diffles2,1647866267.0,196,0.99,https://i.redd.it/2781nipxeqo81.jpg,0.01666834205389023,0.016667786985635757,0.016667725518345833,0.016667911782860756,0.8499890565872192,0.016667790710926056,0.016668038442730904,0.016668066382408142,0.016667688265442848,0.01666753925383091
"News recap, 21 March 2022 PDT 05:45, EST 08:405 UTC 12:45, EET 14:45",tjazsg,AutoModerator,1647866709.0,80,1.0,https://www.reddit.com/r/ukraine/comments/tjazsg/news_recap_21_march_2022_pdt_0545_est_08405_utc/,0.012500444427132607,0.012500444427132607,0.012500752694904804,0.887493908405304,0.012501274235546589,0.012500444427132607,0.012501425109803677,0.012500444427132607,0.012500450946390629,0.012500444427132607
Anonymous gives companies 48 hours to leave Russia,tjbkby,mikc90,1647868452.0,382,0.98,https://twitter.com/YourAnonTV/status/1505679705797713927,0.014286271296441555,0.014286323450505733,0.014287112280726433,0.014288349077105522,0.014286794699728489,0.01428686548024416,0.014286092482507229,0.0142865851521492,0.014286689460277557,0.8714189529418945
Ukrainian Armed Forces destroyed three Russian shock armies and one air army,tjbp56,Ekaton,1647868870.0,132,0.99,https://www.ukrinform.net/rubric-ato/3435857-ukrainian-troops-destroyed-three-russian-shock-armies-one-air-army-arestovych.html,0.0,0.9249934554100037,0.0,0.0,0.0,0.0,0.0,0.0,0.0,0.0
"Each Weekend, hundreds of German Volunteer Fire Corps and NGOs bring humanitarian goods and medical supplies to the Ukrainian Border. Bought with donations from German citizens, which already exceed 100 Mio. Euro. Slava Ukraini.",tjbpaj,-Xav,1647868883.0,251,1.0,https://v.redd.it/t4c65j3pmqo81,0.0,0.0,0.0,0.0,0.0,0.0,0.9639983177185059,0.0,0.0,0.0
Remember the girl who sang in one of the bomb shelters in Ukraine? Now she sang at a charity concert in Poland.,tjbto1,anxiousgabriel,1647869265.0,272,0.97,https://v.redd.it/3dz4icbtnqo81,0.0,0.0,0.0,0.0,0.0,0.0,0.0,0.0,0.0,0.9249863028526306
"At the Kalinovsky forum, Sviatlana Tsihanouskaya called for recognizing Belarus as a country under temporary occupation and demanding that Russia withdraw its troops from Belarus.",tjc11b,anxiousgabriel,1647869878.0,203,0.99,https://v.redd.it/lbvp6j1kpqo81,0.0,0.0,0.0,0.0,0.0,0.9437453150749207,0.0,0.0,0.0,0.0
"Lithuanian YouTuber and activist raised over 300k euros, already sent more than 600 bullet proof vests to Ukraine as well as thermal imaging devices and medical equipment, trucks and more",tjc50w,RedJ00hn,1647870229.0,214,0.99,https://www.reddit.com/gallery/tjc50w,0.0,0.0,0.0,0.0,0.9526278376579285,0.0,0.0,0.0,0.0,0.0
"96-year-old Boris Romanchenko survived Buchenwald concentration camp during WW2, but was killed yesterday by a Russian rocket in his apartment during a ""denazification operation"".",tjccgi,-martinique-,1647870865.0,117,0.99,https://i.redd.it/8prkvsqlsqo81.jpg,0.0,0.0,0.0,0.0,0.0,0.0,0.0,0.0,0.9470555782318115,0.0
