headlines,id,author,created_utc,score,upvote_ratio,url,Topic 1,Topic 2,Topic 3,Topic 4,Topic 5,Topic 6,Topic 7,Topic 8,Topic 9,Topic 10,positive,neutral,negative
"Standing tall through a month of War r/Ukraine is joining efforts with IT Army of Ukraine and other volunteer projects, setting up a CYBER-CHECKPOINT in this pinned post's live comments and on the special Discord server. Our Senior Mod team is already there waiting for you to join the cause!",tmxmep,jesterboyd,1648149713.0,2568,0.99,https://www.reddit.com/r/ukraine/comments/tmxmep/standing_tall_through_a_month_of_war_rukraine_is/,0.0,0.0,0.0,0.0,0.0,0.0,0.0,0.0,0.0,0.9666628837585449,0.088,0.789,0.124
5:50 EET ; The Sun is rising on the 30th Day of the Russian Invasion on the Capital city of Kyiv. Ukraine continues to Live and Fight on.,tog8wo,AutoModerator,1648266609.0,2790,0.99,https://www.reddit.com/r/ukraine/comments/tog8wo/550_eet_the_sun_is_rising_on_the_30th_day_of_the/,0.0,0.0,0.0,0.0,0.0,0.0,0.0,0.9307491779327393,0.0,0.0,0.0,0.909,0.091
Belarusians march to the Russian embassy in Warsaw to protest against the war.,tosi2p,anxiousgabriel,1648307422.0,7107,0.99,https://v.redd.it/mmi3jrlouqp81,0.014287341386079788,0.01428646594285965,0.014286677353084087,0.01428612507879734,0.01428612507879734,0.014286265708506107,0.01428636722266674,0.014286890625953674,0.8714215159416199,0.014286216348409653,0.0,0.588,0.412
"Russians against Putin are using a ‚Äúnew Russian flag‚Äù, around the world. Pushing to remove the ‚Äúblood‚Äù from the existing flag. This is a real threat to Putin‚Äôs Russia, and I love it.",tox5nq,ACertainKindOfStupid,1648312598.0,4684,0.98,https://i.redd.it/ghxzmht3arp81.jpg,0.0,0.0,0.0,0.9470555186271667,0.0,0.0,0.0,0.0,0.0,0.0,0.118,0.787,0.096
"""Children or not, just f****ing shoot everyone!""- a ruSSian occupier tells his girlfriend how eagerly they murder Ukrainian civilians,including children. The girlfriend openly supports his crimes. If anyone still has some sympathy for russian oppupiers or ""common"" russians,just show them this video.",tomt91,Regrup,1648295170.0,7126,0.95,https://v.redd.it/z1r8hsvotpp81,0.0,0.0,0.0,0.965381383895874,0.0,0.0,0.0,0.0,0.0,0.0,0.196,0.711,0.093
President Biden visits Ukrainian refugees in Poland...,tovjfj,imll99,1648311241.0,2559,0.97,https://i.redd.it/faqgkih26rp81.jpg,0.014288793317973614,0.8714052438735962,0.014287793077528477,0.014287888072431087,0.01428814884275198,0.014290858991444111,0.01428641565144062,0.014291040599346161,0.014287036843597889,0.014286753721535206,0.0,1.0,0.0
Scholz said Germany is able to abandon Russian gas faster than expected and the process of EU‚Äôs independence of Russian gas is now irreversible,toixff,TheRealMykola,1648277718.0,29519,0.96,https://twitter.com/nexta_tv/status/1507605707713044480?s=21&t=51AL-7vAwUslc4ua3aeaSg,0.9357120394706726,0.0,0.0,0.0,0.0,0.0,0.0,0.0,0.0,0.0,0.0,0.824,0.176
Ukrainian family: 11-year-old girl shot in the face by a Russian soldier,tonyra,Sunnyflbunny,1648299492.0,3409,0.99,https://v.redd.it/imts2iux6qp81,0.01111176423728466,0.011111785657703876,0.011111730709671974,0.011114710941910744,0.011112087406218052,0.01111312210559845,0.011111458763480186,0.8999897241592407,0.011112160980701447,0.011111458763480186,0.0,1.0,0.0
A fighter of the Belarusian battalion shows the destroyed equipment of the Russians,toy8dj,anxiousgabriel,1648315068.0,1440,0.99,https://v.redd.it/9v67fqdfhrp81,0.012500898912549019,0.012502571567893028,0.012500369921326637,0.012501543387770653,0.012502610683441162,0.0125014903023839,0.012500885874032974,0.012500369921326637,0.012500369921326637,0.8874889016151428,0.108,0.676,0.216
The U.S. President Joe Biden called Putin a butcher. Totally agree!,tosxxp,Join_the_Ukraine,1648308798.0,1917,0.98,https://v.redd.it/3yg2xsgryqp81,0.011112594045698643,0.011112209409475327,0.01111182477325201,0.011111818253993988,0.8999908566474915,0.011112622916698456,0.011111488565802574,0.011113613843917847,0.011111377738416195,0.011111636646091938,0.255,0.745,0.0
"Ukraine will not give up territory as the price of peace, says Volodymyr Zelensky",tokco7,Due_Sun4492,1648284242.0,8350,0.98,https://i.redd.it/8sboud8sxop81.jpg,0.012500423938035965,0.012501618824899197,0.01250042300671339,0.01250057015568018,0.01250042300671339,0.8874946236610413,0.01250042300671339,0.01250042300671339,0.012500645592808723,0.01250042300671339,0.212,0.788,0.0
"russian ""great"" army . Look at these... children. These aren't men, and definitely aren't soldiers. Barely legal cannon fodder.",toysdd,anxiousgabriel,1648316704.0,1216,0.99,https://v.redd.it/dlq191b9mrp81,0.0,0.0,0.0,0.9249953627586365,0.0,0.0,0.0,0.0,0.0,0.0,0.0,0.824,0.176
"Alexey Arestovich, the adviser to the head of the Office of the President, asked to distinguish between Chechens and Kadyrovites, and not to insult Muslims. There are a lot of Muslims and Chechens fighting alongside Ukrainians against Russia.",toxynx,PjeterPannos,1648314290.0,1307,0.99,https://v.redd.it/c2d9tad0frp81,0.0,0.0,0.0,0.0,0.0,0.9526281952857971,0.0,0.0,0.0,0.0,0.067,0.871,0.062
"*surprised Pikachu face* TIL Shoigu (one of Putin‚Äôs best friends) has NEVER served as a professional soldier, yet holds the official title of ‚ÄúGeneral of the Army‚Äù: does that mean all his military ribbons and badges are just an elaborate cosplay?",tov3g7,thumpsky,1648310847.0,1416,0.99,https://i.redd.it/8cf39ibw4rp81.jpg,0.0,0.0,0.0,0.9653818011283875,0.0,0.0,0.0,0.0,0.0,0.0,0.097,0.903,0.0
In temporary occupied Slavutych (the city near Chernobyl) Russian invaders started to shoot up in the air to threaten civilians who came to show their unwillingness to join Russia. The rally continues,tokq0t,Join_the_Ukraine,1648285987.0,5788,0.99,https://v.redd.it/uijd6zdx2pp81,0.0,0.0,0.0,0.0,0.0,0.0,0.0,0.0,0.0,0.9526265859603882,0.061,0.801,0.138
Kangaroos being evacuated from Kharkiv,ton49e,esuil,1648296334.0,3018,0.99,https://v.redd.it/mqiudrfdxpp81,0.02500065788626671,0.02500065788626671,0.02500065788626671,0.02500065788626671,0.7749814391136169,0.025005627423524857,0.025006389245390892,0.02500065788626671,0.02500261552631855,0.02500065788626671,0.0,1.0,0.0
In Kostroma city (Russia) put up a big Z sign and lay flowers on it. The residents of the city were interviewed.,tomkes,a1b0r,1648294191.0,3227,0.97,https://v.redd.it/ush8gp9crpp81,0.0,0.9181760549545288,0.0,0.0,0.0,0.0,0.0,0.0,0.0,0.0,0.0,1.0,0.0
"Putler‚Äôs recently seized yacht ($700,000,000+/-) cost more than the Orsk warship that sunk in Berdyansk ($400,000,000+/-)",tooows,masterfoo,1648301948.0,1877,0.99,https://www.reddit.com/r/ukraine/comments/tooows/putlers_recently_seized_yacht_700000000_cost_more/,0.010000321082770824,0.010000321082770824,0.010000703856348991,0.010000321082770824,0.010000321082770824,0.010000623762607574,0.9099963903427124,0.010000321082770824,0.010000321082770824,0.010000321082770824,0.0,0.898,0.102
Russian embassy in Prague on Saturday morning. Each activist carried 5 litres of removable paint - which is how much blood one person has in their body on average,tok9j5,Memito_Tortellini,1648283839.0,4426,0.99,https://www.reddit.com/gallery/tok9j5,0.0,0.9437474012374878,0.0,0.0,0.0,0.0,0.0,0.0,0.0,0.0,0.0,1.0,0.0
Sky News team being shelled along with Civilians as they escape Chernihiv. Civilians are fleeing on foot. A paramedic is injured in the process.,toje36,ThewizardBlundermore,1648279847.0,4976,0.99,https://v.redd.it/a8ei503ikop81,0.0,0.0,0.0,0.0,0.0,0.0,0.0,0.9399949312210083,0.0,0.0,0.067,0.827,0.106
"According to available information, the commander of the 13th tank regiment of the 4th tank division of the Russian Federation shot himself [English translation and reason in comments]",tolx0c,-martinique-,1648291432.0,2492,0.99,https://i.redd.it/9v62th06jpp81.jpg,0.0,0.0,0.0,0.0,0.0,0.0,0.0,0.9470565915107727,0.0,0.0,0.0,1.0,0.0
Putin is raising the entire Ukrainian PTSD generation,tosjo3,IcySamoyed,1648307551.0,1036,0.99,https://v.redd.it/b1ebk2yuuqp81,0.014287317171692848,0.014286752790212631,0.014286793768405914,0.014287618920207024,0.014287201687693596,0.8714188933372498,0.014286113902926445,0.014286837540566921,0.014286375604569912,0.014286113902926445,0.0,1.0,0.0
"Russia Conducts Military Drills on Isles Disputed with Japan. 3,000 troops and hundreds of military equipment",topcb7,post_scriptor,1648303374.0,1257,0.99,https://www.nippon.com/en/news/yjj2022032501353/,0.0,0.0,0.0,0.0,0.0,0.0,0.9181768298149109,0.0,0.0,0.0,0.0,0.862,0.138
"Before and after: The Drobytsky Yar memorial near Kharkiv was damaged today by artillery shelling. This is where Nazis killed 20,000 Jews between 1941 to 1942.",tomjz4,toeprint,1648294141.0,1971,0.99,https://i.redd.it/ba5uw5xtqpp81.jpg,0.0,0.0,0.0,0.0,0.0,0.9307613372802734,0.0,0.0,0.0,0.0,0.0,0.764,0.236
Swedish newspaper SVD talking to Ukranian sniper about russian military capabilities,top1u2,quadratis,1648303146.0,1234,1.0,https://i.redd.it/b8k8d1cphqp81.png,0.012501033022999763,0.8874899744987488,0.012500425800681114,0.012501242570579052,0.012500425800681114,0.012500425800681114,0.012501941993832588,0.012502530589699745,0.01250093337148428,0.01250107865780592,0.0,1.0,0.0
Roses from a local flower shop,tos0pd,AskTheDishes,1648305969.0,1046,0.99,https://www.reddit.com/gallery/tos0pd,0.8199928402900696,0.020000630989670753,0.020000630989670753,0.020000630989670753,0.020000630989670753,0.020002052187919617,0.020000630989670753,0.020000630989670753,0.020000630989670753,0.020000630989670753,0.0,1.0,0.0
The only reason the sanctions against Russia should be lifted is if they give up all nuclear weapons.,touckf,lazynessisawesome,1648310238.0,815,0.96,https://www.reddit.com/r/ukraine/comments/touckf/the_only_reason_the_sanctions_against_russia/,0.01428619772195816,0.8714195489883423,0.01428619772195816,0.01428710576146841,0.01428619772195816,0.014287595637142658,0.01428782008588314,0.014286883175373077,0.01428619772195816,0.01428619772195816,0.0,0.854,0.146
"Ukrainians are incredibly brave! Proud of our people! They go out against tanks and machine guns, while the citizens of the Russian Federation are afraid to go to a rally against the war. City of Slavutych. Heroes!",ton1of,a1b0r,1648296064.0,1699,0.99,https://v.redd.it/r5z75tqxwpp81,0.9526274800300598,0.0,0.0,0.0,0.0,0.0,0.0,0.0,0.0,0.0,0.239,0.679,0.083
"The awesome young generation of Ukrainians . World ice skating championship : no costumes , no training for 4 weeks, changing the music to reflect the current war, patriotic and still fighting . We are very proud of youüá∫üá¶üíï",toodv4,iloveBianca1,1648300897.0,1271,0.99,https://i.redd.it/xozib46bbqp81.jpg,0.9571374654769897,0.0,0.0,0.0,0.0,0.0,0.0,0.0,0.0,0.0,0.216,0.56,0.224
President Zelenskyy honouring National Guard today,touso2,xuxebiko,1648310600.0,758,1.0,https://v.redd.it/bql8envc3rp81,0.014286023564636707,0.014288666658103466,0.014287221245467663,0.014286023564636707,0.014286298304796219,0.014287196099758148,0.014286094345152378,0.8714194893836975,0.014286779798567295,0.01428618747740984,0.383,0.617,0.0
"Ukraine Gov Kuleba: ""thank the United States for everything it has done for Ukraine so far. We thank every nation ‚Äì not all assistance is reported in the media. I know what every country has done... But no one has done more for Ukraine throughout this time than the United States""",toym5z,dannylenwinn,1648316190.0,552,0.99,https://www.ukrinform.net/rubric-polytics/3440583-kuleba-reports-on-very-substantive-talks-on-weapons-in-warsaw.html,0.0,0.0,0.0,0.9639979600906372,0.0,0.0,0.0,0.0,0.0,0.0,0.163,0.787,0.05
"""One of the strongest armies in the world"" turned out to be a gathering place for looters and rapists. ‚ÄúIn a nearby village, boys raped an adult woman and a 16-year girl.‚Äù",too8sp,Regrup,1648300408.0,1238,0.99,https://v.redd.it/5touaanq9qp81,0.0,0.0,0.0,0.9499971866607666,0.0,0.0,0.0,0.0,0.0,0.0,0.077,0.688,0.235
"Dear international media! Recently, Ukrainian government asked all media &bloggers to not help Russians attack our cities. Do not publish exact locations of strikes immediately after: you act as spotters, Russians see this info immediately. Please, don't help them kill us!",toxkrp,AllHailTheBEAR,1648313173.0,637,0.99,https://twitter.com/EuromaidanPress/status/1507757741770743810?t=jVvnDei876PEVBH_zRRr9A&s=09,0.0,0.0,0.0,0.0,0.0,0.9689642786979675,0.0,0.0,0.0,0.0,0.223,0.644,0.133
This Russian teacher refused to show kids propaganda about Ukraine. It cost him his job | CBC Radio,toqnb6,Issyswe,1648304492.0,966,0.99,https://www.cbc.ca/radio/asithappens/as-it-happens-the-monday-edition-1.6392168/this-russian-teacher-refused-to-show-kids-propaganda-about-ukraine-it-cost-him-his-job-1.6393443,0.010000284761190414,0.010000284761190414,0.9099952578544617,0.010000423528254032,0.010000284761190414,0.010000284761190414,0.010000597685575485,0.010000284761190414,0.010001752525568008,0.010000478476285934,0.0,0.781,0.219
"‚ÄòDeath sentence‚Äô: Putin will die this year, says former Russian politician",tokh0m,TheRealMykola,1648284812.0,2588,0.99,https://www.aol.co.uk/news/death-sentence-putin-die-says-070505803.html?guccounter=1&guce_referrer=aHR0cHM6Ly93d3cucmVkZGl0LmNvbS8&guce_referrer_sig=AQAAAARdWYURKP7DdjdnX8LP6c2v8eBNDVT4xFJ5uo1rqzs-iMQCnMDWg9xayYIotSDUW0cd4KQR_Xc6uxIFVoY5LKdhRSfK6LQDFvMswszZunk7Qg4zJPv0iTm9xbxf1EfWFoHSwo8WRAiWGVQmUBUFEYYpnGLHwVprOTncZFcX6jxw,0.011111663654446602,0.011111695319414139,0.011111626401543617,0.011112919077277184,0.011112078092992306,0.8999924659729004,0.011111955158412457,0.011112057603895664,0.01111205667257309,0.011111458763480186,0.0,0.719,0.281
Toilet paper worth more,torfcy,De-nis,1648305150.0,860,0.98,https://i.redd.it/liaeb0iynqp81.jpg,0.025000860914587975,0.7749922275543213,0.025000860914587975,0.025000860914587975,0.025000860914587975,0.025000860914587975,0.025000860914587975,0.025000860914587975,0.025000860914587975,0.025000860914587975,0.388,0.612,0.0
Ukrainian defenders have liberated the town of Novovorontsovka in Kherson region from the Russian fascist invaders.,topwub,Tupreoram,1648303869.0,902,0.99,https://i.redd.it/9wazaouzjqp81.jpg,0.01000058650970459,0.010000910609960556,0.010000561363995075,0.01000065915286541,0.010000787675380707,0.010001317597925663,0.010001352056860924,0.9099916219711304,0.010001246817409992,0.010000978596508503,0.069,0.741,0.19
Beware of disturbing foreigners/Americans luring poor women in!,torvx4,EasyCOVlDSniper,1648305521.0,816,0.9,https://i.redd.it/p14dgk8ooqp81.png,0.012500369921326637,0.012500369921326637,0.012500369921326637,0.012500369921326637,0.012500369921326637,0.012500369921326637,0.012500886805355549,0.012500369921326637,0.012500369921326637,0.8874961733818054,0.0,0.473,0.527
"Zmitser Apanasovich, a Belarusian volunteer from Kalinouski's battalion, killed in battle near Irpen. He was 32 years old. This is the third Belarusian who died defending Ukraine.",toujfa,rishcast,1648310415.0,610,1.0,https://twitter.com/HannaLiubakova/status/1507747888566358021,0.0,0.0,0.0,0.0,0.9470564126968384,0.0,0.0,0.0,0.0,0.0,0.0,0.682,0.318
I have a dream.,toryfx,leyvadaniel7,1648305759.0,733,0.91,https://i.redd.it/dyv656rrpqp81.jpg,0.050002168864011765,0.050002168864011765,0.050002168864011765,0.050002168864011765,0.050002168864011765,0.5499805212020874,0.050002168864011765,0.050002168864011765,0.050002168864011765,0.050002168864011765,0.667,0.333,0.0
"Not only Shoigu disappeared from the public space, but also other key security officials - Zolotov, Bortnikov and Kostyukov",tosb6y,panzerfan,1648306851.0,687,0.99,https://olgalautman.substack.com/p/not-only-shoigu-disappeared-from,0.0,0.0,0.0,0.924996018409729,0.0,0.0,0.0,0.0,0.0,0.0,0.217,0.783,0.0
Another group of Russian soldiers (DNR unit) captured by Ukrainian forces,toynw7,anxiousgabriel,1648316338.0,419,0.99,https://v.redd.it/0bjqgmc7lrp81,0.011111963540315628,0.011112748645246029,0.011111948639154434,0.8999884724617004,0.011111948639154434,0.011113160289824009,0.011111661791801453,0.011112762615084648,0.011112580075860023,0.01111272256821394,0.0,1.0,0.0
Infamous Donbas rebel sniper ‚ÄúBaghera‚Äù captured after she was abandoned wounded,toymv7,doulosyap,1648316249.0,389,0.99,https://www.libertatea.ro/stiri/celebra-lunetista-baghera-a-fost-capturata-de-ucraineni-dupa-ce-camarazii-au-abandonat-o-ranita-pe-campul-de-lupta-4053391,0.011111440137028694,0.011111819185316563,0.011111440137028694,0.011111666448414326,0.011111440137028694,0.011111440137028694,0.011111440137028694,0.011111440137028694,0.011111781932413578,0.8999961614608765,0.0,0.662,0.338
"Russian oligarch Fedov, who owns Spartak Moscow, says he has lost 99% of his wealth",tozbff,doulosyap,1648318225.0,341,0.99,https://www.gsp.ro/gsp-special/stiri-extrasport/leonid-fedun-spartak-moscova-pierdere-avere-658877.html,0.011112524196505547,0.011111822910606861,0.011113464832305908,0.8999887704849243,0.011111740954220295,0.011113401502370834,0.011111740954220295,0.011111740954220295,0.011113051325082779,0.011111740954220295,0.173,0.703,0.124
The Czech Defense Minister is ‚Äúvery sorry that cheap Russian oil is more important to Hungarian politicians than Ukrainian blood.‚Äù #SlavaUkraini,togck5,Lionsrealm,1648266985.0,5208,0.99,https://twitter.com/jana_cernochova/status/1507390311307554821?s=21&t=Hdyk89buSiW3QIaoYLsRww,0.0,0.0,0.0,0.9307640194892883,0.0,0.0,0.0,0.0,0.0,0.0,0.157,0.786,0.057
"Meet Dave Brown, a Canadian soldier. He is going to Ukraine and will fight with Ukrainian warriors against russian occupiers!",tokhes,Join_the_Ukraine,1648284865.0,1938,0.94,https://v.redd.it/gm2e02xkzop81,0.0,0.0,0.0,0.0,0.0,0.9181764721870422,0.0,0.0,0.0,0.0,0.0,0.862,0.138
Unarmed residents of Slavutych go to the armored vehicles of the occupiers to the sound of gunshots and demand that they leave the city,ton71k,a1b0r,1648296626.0,1000,0.99,https://v.redd.it/39j8v4jkypp81,0.0,0.0,0.0,0.0,0.9307649731636047,0.0,0.0,0.0,0.0,0.0,0.0,0.891,0.109
Ukrainian official says army will liberate Kherson today!,toqin4,Ekaton,1648304376.0,648,0.99,https://www.timesofisrael.com/liveblog_entry/ukraine-official-says-army-to-retake-kherson-from-russians-today/,0.012501029297709465,0.012503529898822308,0.012501765042543411,0.012502897530794144,0.012501095421612263,0.01250404678285122,0.012500489130616188,0.012502430006861687,0.8874819278717041,0.012500779703259468,0.0,1.0,0.0
Ukrainian who fled Mariupol recalls Russian soldiers arguing about killing him: 'Shoot him. You already shot two civilians today.',ton49s,Souled_Out,1648296335.0,984,0.99,https://www.yahoo.com/entertainment/ukrainian-who-fled-mariupol-recalls-russian-soldiers-arguing-about-killing-him-shoot-him-you-already-shot-two-civilians-today-074021000.html,0.0,0.9357025027275085,0.0,0.0,0.0,0.0,0.0,0.0,0.0,0.0,0.0,0.62,0.38
Activists doused the Russian embassy in Prague with artificial blood.,toy2m7,Cyber_Being_,1648314591.0,392,0.98,https://i.redd.it/kza9e3y0grp81.jpg,0.01428710576146841,0.014289630576968193,0.014286200515925884,0.014287448488175869,0.014286200515925884,0.014286200515925884,0.014286200515925884,0.014286200515925884,0.8714185953140259,0.014286200515925884,0.0,1.0,0.0
Seventh Russian General Killed,tondiu,SouthernSlander,1648297327.0,916,0.98,https://www.bbc.com/news/live/world-europe-60856533?ns_mchannel=social&ns_source=twitter&ns_campaign=bbc_live&ns_linkname=,0.025000818073749542,0.025000818073749542,0.025000818073749542,0.025002434849739075,0.02501334622502327,0.025003304705023766,0.7749759554862976,0.025000818073749542,0.025000818073749542,0.025000818073749542,0.0,0.4,0.6
"President Joe Biden calls for regime change in Russia, saying Putin ""cannot remain in power""",toz2er,kaldeqca,1648317530.0,322,0.98,https://www.cnn.com/europe/live-news/ukraine-russia-putin-news-03-26-22/h_7dbce41e65428047cd28fdb679a43116,0.0,0.0,0.0,0.0,0.0,0.0,0.0,0.9249923825263977,0.0,0.0,0.0,1.0,0.0
"When asked by a reporter how many leaders he talks with each day and to name one person he prefers to talk with, Volodymyr Zelenskyy reverted back to being a comedian and replied, ‚ÄúWith my wife!‚Äù",todg6x,MetropolisCourier,1648260482.0,6825,0.98,https://volodymyr.com/news/Eurovision-News-Interview-Updated,0.0,0.9526293873786926,0.0,0.0,0.0,0.0,0.0,0.0,0.0,0.0,0.081,0.919,0.0
"Lublin Justice Triangle: Ukraine, Lithuania and Poland have set up a joint investigation team to investigate Russia's aggression and war crimes in Ukraine. We will methodically ensure accountability for everyone involved in planning, ordering, aiding,committing these crimes.",tooqwi,Regrup,1648302130.0,682,0.99,https://i.redd.it/snf00odyeqp81.jpg,0.0,0.0,0.9624985456466675,0.0,0.0,0.0,0.0,0.0,0.0,0.0,0.136,0.726,0.138
Russia reasserts right to use nuclear weapons in Ukraine,ton5cd,Souled_Out,1648296443.0,854,0.96,https://www.theguardian.com/world/2022/mar/26/russia-reasserts-right-to-use-nuclear-weapons-in-ukraine-putin,0.020000649616122246,0.020004060119390488,0.020000649616122246,0.02000158652663231,0.020000649616122246,0.020000649616122246,0.8199898600578308,0.020000649616122246,0.020000649616122246,0.020000649616122246,0.0,0.734,0.266
"In Hong Kong of China, 2 pro-Ukrainian protestors were arrested by the local police.",toqken,Natural_Ice_501,1648304437.0,576,0.98,https://v.redd.it/0321u4fhlqp81,0.01000088918954134,0.010000435635447502,0.010000434704124928,0.010000508278608322,0.01000033225864172,0.9099957346916199,0.01000033225864172,0.010000525042414665,0.01000045146793127,0.01000033225864172,0.0,0.795,0.205
5 000 Russians protested against Putin in Prague today,tosowg,maatos96,1648308006.0,459,0.99,https://www.irozhlas.cz/zpravy-domov/demonstrace-rusko-rusove-proti-putinovi-protest-invaze-na-ukrajinu_2203261459_jgr,0.01666964404284954,0.8499758243560791,0.0166685339063406,0.0166725255548954,0.016669897362589836,0.016671981662511826,0.0166670810431242,0.016668299213051796,0.01666790433228016,0.01666831597685814,0.0,0.824,0.176
This little pup has a big job helping detect explosive devices with a team of Ukrainian pyrotechnicians,tosxqw,Jacksharkben,1648308783.0,441,0.96,https://v.redd.it/hnr9j73ryqp81,0.0,0.0,0.0,0.0,0.0,0.0,0.0,0.0,0.9249936938285828,0.0,0.136,0.864,0.0
The Russian economy in a nutshell,tokl9e,bonsaix,1648285347.0,1334,0.99,https://i.redd.it/62qna6m21pp81.jpg,0.03333461284637451,0.03333461284637451,0.03333461284637451,0.03333461284637451,0.03333461284637451,0.6999884247779846,0.03333461284637451,0.03333461284637451,0.03333461284637451,0.03333461284637451,0.0,1.0,0.0
A successful hit. Glory to Ukraine.,tow770,Lionsrealm,1648311792.0,346,0.99,https://v.redd.it/jcmyjz8k7rp81,0.025001436471939087,0.025001436471939087,0.025001436471939087,0.7749870419502258,0.025001436471939087,0.025001436471939087,0.025001436471939087,0.025001436471939087,0.025001436471939087,0.025001436471939087,0.709,0.291,0.0
How a Ukrainian Member of Parliament DESTROYS RUSSIAN TANKS with anti-tank guided missiles,tonugx,balraj545,1648299045.0,646,0.98,https://youtu.be/DXuqt2fwSVM,0.9099921584129333,0.010000565089285374,0.010000583715736866,0.010000959038734436,0.010000302456319332,0.010001183487474918,0.010000309906899929,0.01000305823981762,0.010000606998801231,0.010000302456319332,0.0,0.717,0.283
"Azov Detachment: Situation in Mariupol very challenging but controlled. ""We will keep it to the last. We believe and we know that the city will be deblocked sooner or later.""",ton5br,Passage-Extra,1648296441.0,737,0.99,https://www.ukrinform.net/rubric-ato/3440432-azov-detachment-situation-in-mariupol-very-challenging-but-controlled.html,0.0,0.0,0.0,0.0,0.0,0.0,0.9399970173835754,0.0,0.0,0.0,0.048,0.952,0.0
"""On the Day of the National Guard, I would like to thank every serviceman for preserving the integrity of our state. We work as a team called Ukraine."" - President Zelenskyy - March 26, 2022",toy86a,Eienkei,1648315052.0,285,1.0,https://v.redd.it/xosmt2r7hrp81,0.0,0.0,0.0,0.0,0.0,0.0,0.0,0.9499969482421875,0.0,0.0,0.213,0.787,0.0
Russia has only 50% of their stockpiled cruise missiles left.,toi7hb,NotsoNewtoGermany,1648274476.0,2223,0.99,https://www.defense.gov/News/Transcripts/Transcript/Article/2979038/senior-defense-official-holds-a-background-briefing/,0.02000388875603676,0.020001139491796494,0.020001143217086792,0.8199794292449951,0.020001139491796494,0.020001139491796494,0.020001139491796494,0.02000621147453785,0.02000362239778042,0.020001139491796494,0.0,1.0,0.0
Military field hospital sent to Ukraine is now up and running at its destination! This small and mobile hospital can go where it is needed quickly. Made in Estonia with financing by Germany.,tol8vj,Balt1c,1648288441.0,1083,0.98,https://twitter.com/MoD_Estonia/status/1507641039745605634,0.9470557570457458,0.0,0.0,0.0,0.0,0.0,0.0,0.0,0.0,0.0,0.0,1.0,0.0
"Mykhailo Podoliak: ""Russia may conduct a full-scale offensive on Poland, the Baltic states & Kazakhstan as part of a global military special operation on demilitarization & denazification.""",tofewa,dannylenwinn,1648263607.0,4080,0.97,https://www.ukrinform.net/rubric-polytics/3440105-poland-baltic-states-kazakhstan-ukraine-official-names-russias-next-potential-targets.html,0.0,0.0,0.0,0.9499956965446472,0.0,0.0,0.0,0.0,0.0,0.0,0.101,0.787,0.112
"It can be seen that things are very bad for Russia if it begins to attract all its reserves. Soldiers from South Ossetia will arrive in Ukraine to fight on the side of Russia. This was announced by the ""president"" of the occupied region of Georgia Anatoly Bibilov.",toqsxk,anxiousgabriel,1648304606.0,464,0.99,https://v.redd.it/x3ext4g8mqp81,0.0,0.0,0.0,0.0,0.0,0.0,0.0,0.0,0.0,0.9549965858459473,0.046,0.835,0.119
Russian super rocket,toxt3o,De-nis,1648313856.0,289,0.98,https://i.redd.it/8amiuwbudrp81.jpg,0.033334508538246155,0.699989378452301,0.033334508538246155,0.033334508538246155,0.033334508538246155,0.033334508538246155,0.033334508538246155,0.033334508538246155,0.033334508538246155,0.033334508538246155,0.661,0.339,0.0
"(Reuters) - Thousands of Russians marched through Prague on Saturday, waving the white-blue-white flag that has become a symbol of protests against Moscow's invasion of Ukraine. March 26, 2022. REUTERS/David W Cerny",tovd18,AccurateSource2,1648311074.0,325,0.99,https://i.redd.it/vj3g0jfk5rp81.jpg,0.957140326499939,0.0,0.0,0.0,0.0,0.0,0.0,0.0,0.0,0.0,0.0,0.936,0.064
"Belarusian volunteers from the Kalinovsky battalion took the oath on Freedom Day . Since that day, the battalion has been part of the Armed Forces of Ukraine",tonoes,Zergcolective,1648298428.0,612,0.99,https://v.redd.it/5w6bxczw3qp81,0.0,0.939996600151062,0.0,0.0,0.0,0.0,0.0,0.0,0.0,0.0,0.144,0.856,0.0
"In two regions of Germany, they began to ban and punish for the symbol of Russian troops Z",tojc47,TheRealMykola,1648279605.0,1606,0.99,https://www.pravda.com.ua/rus/news/2022/03/26/7334670/,0.011113487184047699,0.011112811043858528,0.011111821979284286,0.8999900221824646,0.011111694388091564,0.011111694388091564,0.011112458072602749,0.011111694388091564,0.01111261360347271,0.011111694388091564,0.0,0.682,0.318
More and more NATO members approve peacekeeping mission in Ukraine - Polish Prime Minister Morawiecki,togxph,TheRealMykola,1648269226.0,2680,0.99,https://www.ukrinform.ua/rubric-world/3440164-mirotvorcu-misiu-v-ukraini-shvaluut-dedali-bilse-cleniv-nato-moraveckij.html,0.010000375099480152,0.010000375099480152,0.010000375099480152,0.010000604204833508,0.010000375099480152,0.010000375099480152,0.010000375099480152,0.010000375099480152,0.9099963903427124,0.010000375099480152,0.188,0.812,0.0
It turns out that the slogan ‚ÄúNo to war‚Äù now in Russia is Nazi. Another bottom of the Russian propaganda has been broken,toprsh,anxiousgabriel,1648303772.0,438,0.99,https://v.redd.it/jx6dy67sjqp81,0.011111571453511715,0.011111417785286903,0.011111874133348465,0.011111704632639885,0.011111415922641754,0.011111496947705746,0.011111554689705372,0.011111415922641754,0.8999961614608765,0.011111468076705933,0.0,0.805,0.195
"Ukraine tells Russia 'die or surrender' as its Kyiv counterattack drives out invaders - ""We need to liberate all of our territories, so of course we will push them back and destroy them,"" said Kryshenko, who serves as the deputy head of the Kyiv City Military Administration.",tospae,Karma-Kosmonaut,1648308038.0,356,1.0,https://www.nbcnews.com/news/world/ukraine-tells-russia-die-surrender-kyiv-counterattack-drives-invaders-rcna21197,0.0,0.0,0.0,0.0,0.0,0.0,0.0,0.0,0.962496817111969,0.0,0.0,0.856,0.144
"At the railway station in Vilnius, when the Moscow-Kaliningrad train stops, an announcement about the war in Ukraine sounds over the loudspeaker: ""Dear passengers of the Moscow-Kaliningrad train No. 29! Today Putin is killing civilians in Ukraine. Do you agree with this?""",toai1k,irasiad90,1648257767.0,5204,1.0,https://v.redd.it/wnwtkd00rmp81,0.0,0.0,0.9590879678726196,0.0,0.0,0.0,0.0,0.0,0.0,0.0,0.095,0.673,0.232
"üá∫üá¶üê∂ Irpin resident Tamara Nazarova was evacuated to Kyiv with her dogs ""24 in total, 12 of them are mine and 12 belong to other people‚Äô,"" she told reporters. ""The house was bombarded. My children had left a long time ago, but my husband and I were staying there because of the dogs.""",touvf1,a1b0r,1648310687.0,308,1.0,https://www.reddit.com/gallery/touvf1,0.0,0.0,0.0,0.0,0.0,0.0,0.0,0.0,0.9624980688095093,0.0,0.0,1.0,0.0
"In Crimea, there is mobilisation for war, men are leaving the peninsula ‚Äì report",tor3w7,aka_KyZa,1648304896.0,399,0.99,https://www.pravda.com.ua/eng/news/2022/03/26/7334749/,0.012501552700996399,0.01250047143548727,0.012502678669989109,0.012500827200710773,0.01250046119093895,0.8874877691268921,0.012501430697739124,0.01250046119093895,0.012503514997661114,0.012500826269388199,0.0,0.755,0.245
Moscow is running the same old playbook on Ukraine. Accusing the United States of running biolabs (Korean War). Claiming to want only certain territorial regions like Donbas (North Vietnam). Lessons learned (the hard way): Russian propaganda must be crushed immediately before it spreads.,toj2uy,Apricot-Rose,1648278379.0,1487,0.99,https://www.reddit.com/r/ukraine/comments/toj2uy/moscow_is_running_the_same_old_playbook_on/,0.0,0.0,0.0,0.0,0.0,0.0,0.0,0.0,0.9699981808662415,0.0,0.169,0.678,0.153
Biden at a meeting with Ukrainian refugees called Putin a butcher,toss7v,anxiousgabriel,1648308305.0,318,0.98,https://v.redd.it/prx97dbbxqp81,0.8874799609184265,0.012502485886216164,0.0125012481585145,0.01250282023102045,0.012505837716162205,0.012503474950790405,0.012500361539423466,0.012502582743763924,0.012500857003033161,0.012500361539423466,0.0,1.0,0.0
"Loser.com Trolls Vladimir Putin, Redirecting To His Wikipedia Page",tou6kb,NORDLAN,1648310081.0,285,0.98,https://www.forbes.com/sites/lisakim/2022/03/19/losercom-trolls-vladimir-putin-redirecting-to-his-wikipedia-page/,0.011111521162092686,0.011111543513834476,0.011111496016383171,0.011112039908766747,0.8999960422515869,0.011111683212220669,0.011111377738416195,0.01111149787902832,0.011111377738416195,0.011111377738416195,0.0,1.0,0.0
"President Biden on results of U.S. sanctions against Russia: ""The ruble almost is immediately reduced to rubble.""",toyrl0,IllustriousPresent7,1648316639.0,192,0.97,https://v.redd.it/t6btb3e3mrp81,0.010000722482800484,0.010001248680055141,0.010000316426157951,0.010000541806221008,0.010001045651733875,0.909993588924408,0.010000376962125301,0.010001309216022491,0.010000402107834816,0.010000457987189293,0.0,1.0,0.0
"You just can't make this stuff up. Despite the fact that Russia invaded and is curently destroying Ukraine, Russia is still a member of the United Nations human rights council. UNbelievable.",tozar5,2thenoon,1648318171.0,177,0.93,https://www.dispropaganda.com/single-post/unbelievable-russia-is-a-member-of-the-un-s-human-rights-council,0.0,0.0,0.0,0.0,0.0,0.0,0.0,0.9437463879585266,0.0,0.0,0.131,0.767,0.102
Russian invaders fired on and damaged Holocaust Memorial in Drobitsky Yar on the outskirts of Kharkiv. The Nazis have returned. Exactly 80 years later,tomu1c,saintmsent,1648295258.0,588,0.98,https://twitter.com/DefenceU/status/1507670577456332804,0.0,0.0,0.0,0.0,0.0,0.0,0.9399985671043396,0.0,0.0,0.0,0.0,0.772,0.228
The russian occupier shot an 11-year-old girl from #Mariupol in the face. The child is alive and in hospital. The bullet went through the jaw and injured the root of the tongue.,touszg,irasiad90,1648310606.0,269,0.99,https://v.redd.it/oazfsu154rp81,0.0,0.0,0.0,0.9470537304878235,0.0,0.0,0.0,0.0,0.0,0.0,0.074,0.85,0.076
My opinion as a hungarian,tom39j,Dense_shoefu_er,1648292225.0,655,0.92,https://www.reddit.com/r/ukraine/comments/tom39j/my_opinion_as_a_hungarian/,0.03333470970392227,0.03333470970392227,0.03333470970392227,0.6999875903129578,0.03333470970392227,0.03333470970392227,0.03333470970392227,0.03333470970392227,0.03333470970392227,0.03333470970392227,0.0,1.0,0.0
New weapons from Germany have already arrived,tonxlq,doboskombaya,1648299371.0,472,0.99,https://twitter.com/tobiaschneider/status/1507694922895343619,0.01666932925581932,0.016670018434524536,0.01666783168911934,0.8499845862388611,0.016667388379573822,0.016667388379573822,0.016669757664203644,0.016667388379573822,0.016668040305376053,0.016668232157826424,0.0,0.674,0.326
russian invaders fired on and damaged Holocaust Memorial in Drobitsky Yar on the outskirts of Kharkiv. The Nazis have returned. Exactly 80 years later.,toxtm5,irasiad90,1648313900.0,209,0.98,https://i.redd.it/hqblj3hvdrp81.jpg,0.0,0.0,0.0,0.0,0.0,0.0,0.9399983882904053,0.0,0.0,0.0,0.0,0.772,0.228
"Official Russian source, RIA Novosti, claims there are black soldiers fighting side by side with Azov in Mariupol. Famous black Nazis are in town!",toxyk6,igroknow,1648314281.0,201,0.96,https://i.redd.it/gbt3uhflerp81.jpg,0.0,0.0,0.0,0.0,0.9470556378364563,0.0,0.0,0.0,0.0,0.0,0.0,0.892,0.108
"Russia will hold military exercises in the Kuril Islands The exercises are planned to involve up to 3,000 military personnel and hundreds military equipments.",tou6i9,doboskombaya,1648310080.0,255,0.97,https://twitter.com/nexta_tv/status/1507740898607648778,0.0,0.0,0.0,0.0,0.0,0.0,0.0,0.9357113242149353,0.0,0.0,0.0,1.0,0.0
"Ukrainian Armed Forces liberated eastern suburbs of Kharkiv - Olkhovka and Malaya Rogan, according to MP Goncharenko",toq47i,Tupreoram,1648304049.0,340,0.99,https://i.redd.it/iz4wpgjkkqp81.jpg,0.0,0.0,0.0,0.0,0.0,0.9357098937034607,0.0,0.0,0.0,0.0,0.0,1.0,0.0
West hits Vladimir Putin‚Äôs fake news factories with wave of sanctions,toufzf,NORDLAN,1648310308.0,242,1.0,https://www.theguardian.com/world/2022/mar/20/west-hits-vladimir-putins-fake-news-factories-with-wave-of-sanctions,0.010000628419220448,0.010002228431403637,0.010000607930123806,0.9099910855293274,0.010001633316278458,0.010001285932958126,0.010000514797866344,0.010000964626669884,0.010000514797866344,0.010000514797866344,0.0,0.763,0.237
Ukrainain figure scaters Oleksandra Nazarova and Maksym Nikitin gave an amazingly touching performance at the World Figure Skating Championships.,tohjpr,balraj545,1648271666.0,1706,0.99,https://v.redd.it/244hyfhcwnp81,0.0,0.0,0.0,0.0,0.0,0.0,0.0,0.0,0.0,0.9437479972839355,0.151,0.849,0.0
Archive footage: Ukrainians demonstrate for weeks for independence from USSR (1990),tomzds,OrcWithFork,1648295839.0,480,0.99,https://v.redd.it/78effrp2wpp81,0.01250265259295702,0.012500468641519547,0.01250082440674305,0.012500468641519547,0.012500468641519547,0.012500857934355736,0.01250050961971283,0.8874927759170532,0.012500468641519547,0.012500468641519547,0.0,1.0,0.0
"People in a russian city are going to publicly burn Ukrainian flags, portraits and books. Quite ironically, they claim it‚Äôs ‚Äúa measure against nazism‚Äù.",tosrh0,HorodenkaBall,1648308239.0,245,0.97,https://i.redd.it/3fa0cqp4xqp81.jpg,0.0,0.0,0.939995527267456,0.0,0.0,0.0,0.0,0.0,0.0,0.0,0.0,1.0,0.0
Russian general Yakov Rezantsev killed in Ukraine,toqipo,Souled_Out,1648304383.0,293,0.95,https://www.bbc.com/news/world-europe-60807538,0.02000044286251068,0.02000044286251068,0.02000044286251068,0.02000119537115097,0.8199928402900696,0.02000090852379799,0.02000238373875618,0.02000044286251068,0.02000044286251068,0.02000044286251068,0.0,0.571,0.429
HUGE NEWS!!! Russian Troops No Longer Have Full Control Over Kherson - senior Pentagon official.,tnvlql,Overall_Memory6689,1648233006.0,29555,0.95,https://i.redd.it/9zs1ww9epkp81.jpg,0.0,0.9181767106056213,0.0,0.0,0.0,0.0,0.0,0.0,0.0,0.0,0.216,0.663,0.121
"Ukrainian Armed Forces destroy three Russian aircraft, five cruise missiles, a helicopter and three drones,",tosfbe,TheGuvnor247,1648307192.0,246,0.99,https://www.pravda.com.ua/eng/news/2022/03/26/7334625/,0.0,0.0,0.0,0.0,0.0,0.0,0.0,0.930764377117157,0.0,0.0,0.0,0.788,0.212
"Russians plan to burn Ukrainian books, portraits of poets and flags in exchange for sugar. Who read Ray Bradbury's Fahrenheit 451? Not too similar?",tombg4,valeron_b,1648293175.0,496,0.98,https://i.redd.it/rauvanraopp81.jpg,0.0,0.0,0.0,0.9437447190284729,0.0,0.0,0.0,0.0,0.0,0.0,0.0,1.0,0.0
Russian women wants her husband to die in a war to receive compensation,toz573,jemapellejeff,1648317731.0,141,0.97,https://v.redd.it/1wj1t42dprp81,0.012501019984483719,0.012500391341745853,0.012501672841608524,0.012500385753810406,0.012500385753810406,0.012501204386353493,0.8874900937080383,0.012500385753810406,0.012503284029662609,0.01250121183693409,0.0,0.562,0.438
"Russian state TV propaganda: Slogan ""No to war"" was invented in Hitler's Germany",toqwzq,EverlastingShill,1648304726.0,268,0.98,https://twitter.com/KevinRothrock/status/1507719971606048771,0.011112865060567856,0.011111416853964329,0.011111871339380741,0.011112130247056484,0.01111141499131918,0.011111495085060596,0.011111553758382797,0.0111118508502841,0.899993896484375,0.011111467145383358,0.0,0.552,0.448
